title	wkt
good4geophp	POINT(-75.7416666666667 37.7091666666667)
bad4geophp	POINT( -75.7416666666667 37.7091666666667 )